Feature1,Feature2,Feature3,Feature4,Feature5,Feature6
0.32465451088831954,64.87125736321887,55.602633984718466,3.7721145200430537,3.980890965620067,2.9302592141974784
