Feature1,Feature2,Feature3,Feature4,Feature5,Feature6
1.0378220958890747,59.437295880796356,57.590629352869875,6.65611637864194,6.646786311383058,3.8603561934163935
